"No.","Info","Name","Method","weight_mg","N_area","C_area","N_factor","C_factor","N_perc","C_perc","C_N_ratio","Memo","Date       Time","Moisture  [%]"
1,"Nu,Cu","MT","1mg70sIRMS",100,62,29,1,1,0,0,0.6488,,2020-11-24 12:15:49,0
2,"Nu,Cu","MT","1mg70sIRMS",100,91,15,1,1,0,0,0.2246,,2020-11-24 12:26:29,0
3,"Nu,Cu","MT","1mg70sIRMS",100,57,11,1,1,0,0,0.2625,,2020-11-24 12:37:16,0
4,"Nu,Cu","MT","1mg70sIRMS",100,52,7,1,1,0,0,0.1776,,2020-11-24 12:47:55,0
5,,"runin","2mg70sIRMS",0.487,1913,4724,1,1,10.25,35.53,3.4656,,2020-11-24 12:59:56,0
6,,"runin","2mg70sIRMS",0.495,2011,5061,1,1,10.6,37.44,3.5315,,2020-11-24 13:11:57,0
7,,"aspartic","2mg70sIRMS",0.677,2614,6594,1.0441,1.0112,10.52,36.09,3.4306,,2020-11-24 13:24:00,0
8,,"aspartic","2mg70sIRMS",0.515,2145,5332,0.968,0.9518,10.52,36.09,3.4306,,2020-11-24 13:36:07,0
9,"Nu,Cu","Tray6-COND","1mg70sIRMS",0.035,272,686,1.0061,0.9815,20.58,70.69,3.4358,,2020-11-24 13:46:45,0
10,"Nu,Cu","Tray6-COND","1mg70sIRMS",0.045,260,648,1.0061,0.9815,15.28,51.94,3.3983,,2020-11-24 13:57:21,0
11,"Nu,Cu","Tray6-COND","1mg70sIRMS",0.036,196,697,1.0061,0.9815,14.43,69.84,4.8399,,2020-11-24 14:08:04,0
12,"Nu,Cu","Tray6-COND","1mg70sIRMS",0.047,220,560,1.0061,0.9815,12.41,42.96,3.4618,,2020-11-24 14:18:46,0
13,"Nu,Cu","Tray6-A5-MT","1mg70sIRMS",100,148,125,1.0061,0.9815,0,0,1.1536,,2020-11-24 14:29:34,0
14,"Nu,Cu","Tray6-A6","2mg70sIRMS",0.059,299,879,1.0061,0.9815,13.42,53.69,3.9995,,2020-11-24 14:41:37,0
15,"Nu,Cu","Tray6-A7","2mg70sIRMS",0.059,289,727,1.0061,0.9815,12.97,44.43,3.4253,,2020-11-24 14:53:46,0
16,"Nu,Cu","Tray6-A8-MT","2mg70sIRMS",100,49,39,1.0061,0.9815,0,0,1.0937,,2020-11-24 15:05:52,0
17,"Nu,Cu","Tray6-A9","2mg70sIRMS",0.174,330,606,1.0061,0.9815,5.01,12.55,2.5034,,2020-11-24 15:17:53,0
18,"Nu,Cu","Tray6-A10","2mg70sIRMS",0.191,291,587,1.0061,0.9815,4.03,11.07,2.7475,,2020-11-24 15:29:59,0
19,"Nu,Cu","Tray6-A11","2mg70sIRMS",0.11,196,432,1.0061,0.9815,4.7,14.16,3.0112,,2020-11-24 15:42:05,0
20,"Nu,Cu","Tray6-A12","2mg70sIRMS",0.195,257,569,1.0061,0.9815,3.49,10.52,3.014,,2020-11-24 15:54:13,0
21,"Nu,Cu","Tray6-B1","2mg70sIRMS",0.104,258,428,1.0061,0.9815,6.57,14.85,2.2602,,2020-11-24 16:06:20,0
22,"Nu,Cu","Tray6-B2","2mg70sIRMS",0.131,270,469,1.0061,0.9815,5.45,12.92,2.3708,,2020-11-24 16:18:21,0
23,"Nu,Cu","Tray6-B3","2mg70sIRMS",0.048,347,745,1.0061,0.9815,19.14,55.96,2.9228,,2020-11-24 16:30:33,0
24,"Nu,Cu","Tray6-B4","2mg70sIRMS",0.05,347,916,1.0061,0.9815,18.37,66.03,3.5945,,2020-11-24 16:42:33,0
25,"Nu,Cu","Tray6-B5","2mg70sIRMS",0.295,385,1052,1.0061,0.9815,3.46,12.85,3.7189,,2020-11-24 16:54:37,0
26,"Nu,Cu","Tray6-B6","2mg70sIRMS",0.179,287,506,1.0061,0.9815,4.24,10.19,2.4007,,2020-11-24 17:06:41,0
27,"Nu,Cu","Tray6-B7","2mg70sIRMS",0.137,239,435,1.0061,0.9815,4.61,11.44,2.4841,,2020-11-24 17:18:48,0
28,"Nu,Cu","Tray6-B8","2mg70sIRMS",0.197,232,637,1.0061,0.9815,3.11,11.65,3.7462,,2020-11-24 17:30:55,0
29,"Nu,Cu","Tray6-B9","2mg70sIRMS",0.236,295,625,1.0061,0.9815,3.31,9.55,2.8847,,2020-11-24 17:43:02,0
30,"Nu,Cu","Tray6-B10","2mg70sIRMS",0.181,247,559,1.0061,0.9815,3.61,11.13,3.084,,2020-11-24 17:55:10,0
31,"Nu,Cu","MT","1mg70sIRMS",100,40,29,1.0061,0.9815,0,0,0.9755,,2020-11-24 18:06:06,0
32,,"aspartic","1mg70sIRMS",0.546,2188,5479,1.0059,0.982,10.52,36.09,3.4306,,2020-11-24 18:16:49,0
33,,"aspartic","1mg70sIRMS",0.472,1894,4840,1.0046,0.9612,10.52,36.09,3.4306,,2020-11-24 18:27:27,0
34,"Nu,Cu","Tray6-B11","2mg70sIRMS",0.046,278,677,1.0052,0.9716,15.98,52.5,3.286,,2020-11-24 18:39:39,0
35,"Nu,Cu","Tray6-B12-MT","2mg70sIRMS",100,21,27,1.0052,0.9716,0,0,1.7283,,2020-11-24 18:51:48,0
36,"Nu,Cu","Tray6-C1","2mg70sIRMS",0.214,278,550,1.0052,0.9716,3.43,9.17,2.6718,,2020-11-24 19:03:58,0
37,"Nu,Cu","Tray6-C2","2mg70sIRMS",0.25,316,618,1.0052,0.9716,3.34,8.82,2.6384,,2020-11-24 19:16:04,0
38,"Nu,Cu","Tray6-C3","2mg70sIRMS",0.164,243,488,1.0052,0.9716,3.92,10.62,2.712,,2020-11-24 19:28:15,0
39,"Nu,Cu","Tray6-C4","2mg70sIRMS",0.188,291,711,1.0052,0.9716,4.09,13.5,3.3035,,2020-11-24 19:40:22,0
40,"Nu,Cu","Tray6-C5","2mg70sIRMS",0.102,222,504,1.0052,0.9716,5.77,17.62,3.0558,,2020-11-24 19:52:25,0
41,"Nu,Cu","Tray6-C6","2mg70sIRMS",0.052,200,350,1.0052,0.9716,10.19,24.01,2.3563,,2020-11-24 20:04:38,0
42,"Nu,Cu","Tray6-C7","2mg70sIRMS",100,61,46,1.0052,0.9716,0,0,1.0304,,2020-11-24 20:16:50,0
43,"Nu,Cu","Tray6-C8","2mg70sIRMS",0.046,306,641,1.0052,0.9716,17.58,49.73,2.8289,,2020-11-24 20:28:59,0
44,"Nu,Cu","Tray6-C9","2mg70sIRMS",0.108,245,429,1.0052,0.9716,6,14.18,2.364,,2020-11-24 20:41:09,0
45,"Nu,Cu","Tray6-C10","2mg70sIRMS",0.109,179,374,1.0052,0.9716,4.34,12.24,2.8208,,2020-11-24 20:53:12,0
46,"Nu,Cu","Tray6-C11","2mg70sIRMS",0.129,178,421,1.0052,0.9716,3.65,11.64,3.1839,,2020-11-24 21:05:15,0
47,"Nu,Cu","Tray6-C12","2mg70sIRMS",0.11,237,473,1.0052,0.9716,5.7,15.34,2.6899,,2020-11-24 21:17:26,0
48,"Nu,Cu","Tray6-D1","2mg70sIRMS",0.075,222,446,1.0052,0.9716,7.83,21.24,2.7115,,2020-11-24 21:29:30,0
49,"Nu,Cu","Tray6-D2","2mg70sIRMS",0.144,272,764,1.0052,0.9716,5,18.94,3.789,,2020-11-24 21:41:40,0
50,"Nu,Cu","MT","1mg70sIRMS",100,26,20,1.0052,0.9716,0,0,1.03,,2020-11-24 21:52:25,0
51,,"aspartic","1mg70sIRMS",0.516,2191,5349,0.9493,0.9506,10.52,36.09,3.4306,,2020-11-24 22:03:09,0
52,,"aspartic","1mg70sIRMS",0.78,3331,7994,0.9442,0.9602,10.52,36.09,3.4306,,2020-11-24 22:13:54,0
53,"Nu,Cu","Tray6-D3","2mg70sIRMS",0.063,359,848,0.9468,0.9554,14.19,47.21,3.3274,,2020-11-24 22:26:04,0
54,"Nu,Cu","Tray6-D4","2mg70sIRMS",0.049,325,804,0.9468,0.9554,16.5,57.57,3.49,,2020-11-24 22:38:16,0
55,"Nu,Cu","Tray6-D5","2mg70sIRMS",0.172,122,572,0.9468,0.9554,1.77,11.67,6.6037,,2020-11-24 22:50:22,0
56,"Nu,Cu","Tray6-D6","2mg70sIRMS",0.105,51,428,0.9468,0.9554,1.2,14.29,11.8785,,2020-11-24 23:02:32,0
57,"Nu,Cu","Tray6-D7","2mg70sIRMS",0.162,206,740,0.9468,0.9554,3.16,16.03,5.0676,,2020-11-24 23:14:50,0
58,"Nu,Cu","Tray6-D8","2mg70sIRMS",0.129,196,498,0.9468,0.9554,3.78,13.54,3.5798,,2020-11-24 23:26:56,0
59,"Nu,Cu","Tray6-D9","2mg70sIRMS",0.087,236,429,0.9468,0.9554,6.74,17.31,2.5667,,2020-11-24 23:39:02,0
60,"Nu,Cu","Tray6-D10","2mg70sIRMS",0.176,313,1022,0.9468,0.9554,4.43,20.37,4.5963,,2020-11-24 23:51:10,0
61,"Nu,Cu","Tray6-D11","2mg70sIRMS",0.043,310,699,0.9468,0.9554,17.94,57.06,3.1806,,2020-11-25 00:03:17,0
62,"Nu,Cu","Tray6-D12","2mg70sIRMS",0.053,403,881,0.9468,0.9554,18.92,58.31,3.0828,,2020-11-25 00:15:23,0
63,"Nu,Cu","MT","1mg70sIRMS",100,79,22,0.9468,0.9554,0,0,0.3934,,2020-11-25 00:26:11,0
64,,"aspartic","1mg70sIRMS",0.51,2166,5263,0.9491,0.955,10.52,36.09,3.4306,,2020-11-25 00:36:56,0
65,,"aspartic","1mg70sIRMS",0.491,2091,5110,0.9464,0.9469,10.52,36.09,3.4306,,2020-11-25 00:47:40,0
66,"Nu,Cu","MT","1mg70sIRMS",100,18,18,0.9478,0.951,0,0,1.3877,,2020-11-25 11:05:38,0
67,"Nu,Cu","MT","1mg70sIRMS",100,36,26,0.9478,0.951,0,0,0.995,,2020-11-25 11:16:19,0
68,,"runin","2mg70sIRMS",0.486,2061,5098,0.9478,0.951,10.49,36.53,3.4835,,2020-11-25 11:28:22,0
69,,"runin","2mg70sIRMS",0.591,2537,6108,0.9478,0.951,10.61,36,3.3922,,2020-11-25 11:40:46,0
70,,"aspartic","2mg70sIRMS",0.809,3398,8138,0.9602,0.9782,10.52,36.09,3.4306,,2020-11-25 11:53:05,0
71,,"aspartic","2mg70sIRMS",0.609,2542,6313,0.966,0.9502,10.52,36.09,3.4306,,2020-11-25 12:05:07,0
72,"Nu,Cu","Tray7-COND","2mg70sIRMS",0.061,354,906,0.9631,0.9642,14.69,52.61,3.5802,,2020-11-25 12:17:11,0
73,"Nu,Cu","Tray7-COND","2mg70sIRMS",0.052,311,717,0.9631,0.9642,15.14,48.85,3.227,,2020-11-25 12:29:16,0
74,"Nu,Cu","Tray7-COND","2mg70sIRMS",0.063,390,911,0.9631,0.9642,15.69,51.23,3.2657,,2020-11-25 12:41:20,0
75,"Nu,Cu","Tray7-COND","2mg70sIRMS",0.049,298,622,0.9631,0.9642,15.38,44.97,2.9242,,2020-11-25 12:53:31,0
76,"Nu,Cu","Tray7-A5-MT","2mg70sIRMS",100,118,129,0.9631,0.9642,0,0,1.5339,,2020-11-25 13:05:33,0
77,"Nu,Cu","Tray7-A6","2mg70sIRMS",0.05,296,661,0.9631,0.9642,14.99,46.79,3.1213,,2020-11-25 13:17:43,0
78,"Nu,Cu","Tray7-A7","2mg70sIRMS",0.049,267,591,0.9631,0.9642,13.82,42.7,3.089,,2020-11-25 13:29:51,0
79,"Nu,Cu","Tray7-A8-MT","2mg70sIRMS",100,62,64,0.9631,0.9642,0,0,1.4483,,2020-11-25 13:41:58,0
80,"Nu,Cu","Tray7-A9","2mg70sIRMS",0.081,321,636,0.9631,0.9642,10.03,27.79,2.7699,,2020-11-25 13:53:58,0
81,"Nu,Cu","Tray7-A10","2mg70sIRMS",0.15,286,558,0.9631,0.9642,4.84,13.17,2.7241,,2020-11-25 14:06:04,0
82,"Nu,Cu","Tray7-A11","2mg70sIRMS",0.117,362,727,0.9631,0.9642,7.85,22.02,2.8066,,2020-11-25 14:18:06,0
83,"Nu,Cu","Tray7-A12","2mg70sIRMS",0.179,320,661,0.9631,0.9642,4.53,13.08,2.8862,,2020-11-25 14:30:12,0
84,"Nu,Cu","Tray7-B1","2mg70sIRMS",0.199,280,632,0.9631,0.9642,3.57,11.25,3.1523,,2020-11-25 14:42:12,0
85,"Nu,Cu","Tray7-B2","2mg70sIRMS",0.184,320,744,0.9631,0.9642,4.41,14.32,3.2499,,2020-11-25 14:54:10,0
86,"Nu,Cu","Tray7-B3","2mg70sIRMS",0.05,305,729,0.9631,0.9642,15.46,51.61,3.338,,2020-11-25 15:06:09,0
87,"Nu,Cu","Tray7-B4","2mg70sIRMS",0.061,347,731,0.9631,0.9642,14.42,42.44,2.9429,,2020-11-25 15:18:10,0
88,"Nu,Cu","Tray7-B5","2mg70sIRMS",0.195,369,804,0.9631,0.9642,4.79,14.6,3.048,,2020-11-25 15:30:07,0
89,"Nu,Cu","Tray7-B6","2mg70sIRMS",0.156,358,721,0.9631,0.9642,5.82,16.36,2.8107,,2020-11-25 15:42:06,0
90,"Nu,Cu","Tray7-B7","2mg70sIRMS",0.174,324,647,0.9631,0.9642,4.72,13.16,2.7875,,2020-11-25 15:54:07,0
91,"Nu,Cu","Tray7-B8","2mg70sIRMS",0.179,405,627,0.9631,0.9642,5.74,12.41,2.1635,,2020-11-25 16:06:06,0
92,"Nu,Cu","Tray7-B9","2mg70sIRMS",0.173,352,668,0.9631,0.9642,5.16,13.68,2.6518,,2020-11-25 16:18:07,0
93,"Nu,Cu","Tray7-B10","2mg70sIRMS",0.236,344,946,0.9631,0.9642,3.69,14.2,3.8486,,2020-11-25 16:30:06,0
94,"Nu,Cu","Tray7-B11","2mg70sIRMS",0.055,329,731,0.9631,0.9642,15.15,47.04,3.1054,,2020-11-25 16:42:20,0
95,"Nu,Cu","Tray7-B12-MT","2mg70sIRMS",100,88,17,0.9631,0.9642,0,0,0.2777,,2020-11-25 16:54:28,0
96,,"aspartic","2mg70sIRMS",0.608,2583,6306,0.9489,0.9497,10.52,36.09,3.4306,,2020-11-25 17:06:26,0
97,"Nu,Cu","Tray7-C1","2mg70sIRMS",0.136,420,615,0.9489,0.9497,7.71,15.78,2.0475,,2020-11-25 17:18:32,0
98,"Nu,Cu","Tray7-C2","2mg70sIRMS",0.198,355,686,0.9489,0.9497,4.47,12.08,2.6994,,2020-11-25 17:30:38,0
99,"Nu,Cu","Tray7-C3","2mg70sIRMS",0.158,421,593,0.9489,0.9497,6.64,13.1,1.9708,,2020-11-25 17:42:43,0
100,"O2,Nu,Cu","Tray7-C4","2mg70sIRMS",0.002,207,395,0.9489,0.9497,258.81,688.69,2.661,,2020-11-25 17:54:45,0
101,"Nu,Cu","Tray7-C5","2mg70sIRMS",0.015,181,324,0.9489,0.9497,30.08,75.41,2.5074,,2020-11-25 18:06:52,0
102,"O2,Nu,Cu","Tray7-C6","2mg70sIRMS",0.001,161,366,0.9489,0.9497,402.39,1275.24,3.1691,,2020-11-25 18:19:00,0
103,"Nu,Cu","Tray7-C7-MT","2mg70sIRMS",100,68,26,0.9489,0.9497,0,0,0.5254,,2020-11-25 18:31:02,0
104,"Nu,Cu","Tray7-C8","2mg70sIRMS",0.05,268,698,0.9489,0.9497,13.37,48.68,3.6394,,2020-11-25 18:43:11,0
105,,"aspartic","2mg70sIRMS",0.72,3162,7557,0.9183,0.9379,10.52,36.09,3.4306,,2020-11-25 18:55:13,0
106,"Nu,Cu","Tray8-Cond","2mg70sIRMS",0.055,321,727,0.9183,0.9379,14.08,45.55,3.2341,,2020-11-25 19:07:25,0
107,"Nu,Cu","Tray8-Cond","2mg70sIRMS",0.04,345,654,0.9183,0.9379,20.83,56.29,2.7021,,2020-11-25 19:19:31,0
108,"Nu,Cu","Tray8-Cond","2mg70sIRMS",0.055,399,859,0.9183,0.9379,17.51,53.78,3.0724,,2020-11-25 19:31:34,0
109,"Nu,Cu","Tray8-Cond","2mg70sIRMS",0.04,273,602,0.9183,0.9379,16.48,51.86,3.1465,,2020-11-25 19:43:40,0
110,"Nu,Cu","Tray8-A5-MT","2mg70sIRMS",100,161,81,0.9183,0.9379,0,0,0.7191,,2020-11-25 19:55:49,0
111,"Nu,Cu","Tray8-A6","2mg70sIRMS",0.042,341,658,0.9183,0.9379,19.61,53.96,2.7511,,2020-11-25 20:07:53,0
112,"Nu,Cu","Tray8-A7","2mg70sIRMS",0.059,382,785,0.9183,0.9379,15.65,45.85,2.9301,,2020-11-25 20:19:56,0
113,"Nu,Cu","Tray8-A8-MT","2mg70sIRMS",100,70,59,0.9183,0.9379,0,0,1.1995,,2020-11-25 20:31:59,0
114,"Nu,Cu","Tray8-A9","2mg70sIRMS",0.209,350,551,0.9183,0.9379,4.05,9.08,2.2411,,2020-11-25 20:44:07,0
115,"Nu,Cu","Tray8-A10","2mg70sIRMS",0.203,342,411,0.9183,0.9379,4.06,6.97,1.7157,,2020-11-25 20:56:11,0
116,"Nu,Cu","Tray8-A11","2mg70sIRMS",0.225,316,472,0.9183,0.9379,3.39,7.23,2.1309,,2020-11-25 21:08:14,0
117,"Nu,Cu","Tray8-A12","2mg70sIRMS",0.187,380,408,0.9183,0.9379,4.91,7.52,1.5313,,2020-11-25 21:20:20,0
118,"Nu,Cu","Tray8-B1","2mg70sIRMS",0.152,333,307,0.9183,0.9379,5.28,6.95,1.3155,,2020-11-25 21:32:25,0
119,"Nu,Cu","Tray8-B2","2mg70sIRMS",0.176,311,343,0.9183,0.9379,4.26,6.72,1.576,,2020-11-25 21:44:29,0
120,,"aspartic","2mg70sIRMS",0.642,2816,6726,0.9194,0.9401,10.52,36.09,3.4306,,2020-11-25 21:56:34,0
121,"Nu,Cu","Tray8-B3","2mg70sIRMS",38,299,625,0.9194,0.9401,0.02,0.06,2.9795,,2020-11-25 22:08:54,0
122,"Nu,Cu","Tray8-B4","2mg70sIRMS",0.055,321,692,0.9194,0.9401,14.1,43.43,3.081,,2020-11-25 22:21:04,0
123,"Nu,Cu","Tray8-B5","2mg70sIRMS",0.135,306,259,0.9194,0.9401,5.48,6.62,1.2085,,2020-11-25 22:33:19,0
124,"Nu,Cu","Tray8-B6","2mg70sIRMS",0.152,312,345,0.9194,0.9401,4.97,7.85,1.5793,,2020-11-25 22:45:28,0
125,"Nu,Cu","Tray8-B7","2mg70sIRMS",0.145,254,309,0.9194,0.9401,4.24,7.37,1.7371,,2020-11-25 22:57:29,0
126,"Nu,Cu","Tray8-B8","2mg70sIRMS",0.205,271,359,0.9194,0.9401,3.2,6.04,1.8867,,2020-11-25 23:09:30,0
127,"Nu,Cu","Tray8-B9","2mg70sIRMS",0.193,224,390,0.9194,0.9401,2.8,6.97,2.4874,,2020-11-25 23:21:33,0
128,"Nu,Cu","Tray8-B10","2mg70sIRMS",0.189,281,373,0.9194,0.9401,3.59,6.81,1.8958,,2020-11-25 23:33:36,0
129,"Nu,Cu","Tray8-B11","2mg70sIRMS",0.068,394,911,0.9194,0.9401,14.02,46.27,3.3009,,2020-11-25 23:45:40,0
130,"Nu,Cu","Tray8-B12-MT","2mg70sIRMS",100,45,50,0.9194,0.9401,0,0,1.5992,,2020-11-25 23:57:52,0
131,"Nu,Cu","Tray8-C1","2mg70sIRMS",0.163,287,488,0.9194,0.9401,4.26,10.33,2.4252,,2020-11-26 00:09:59,0
132,"Nu,Cu","Tray8-C2","2mg70sIRMS",0.138,269,326,0.9194,0.9401,4.71,8.17,1.733,,2020-11-26 00:22:08,0
133,"Nu,Cu","Tray8-C3","2mg70sIRMS",0.147,306,331,0.9194,0.9401,5.03,7.78,1.5473,,2020-11-26 00:34:18,0
134,"Nu,Cu","Tray8-C4","2mg70sIRMS",0.13,197,431,0.9194,0.9401,3.66,11.46,3.1272,,2020-11-26 00:46:34,0
135,"Nu,Cu","Tray8-C5","2mg70sIRMS",0.136,206,378,0.9194,0.9401,3.66,9.6,2.6225,,2020-11-26 00:58:42,0
136,"Nu,Cu","Tray8-C6","2mg70sIRMS",0.088,161,388,0.9194,0.9401,4.43,15.23,3.4351,,2020-11-26 01:10:52,0
137,"Nu,Cu","Tray8-C7-MT","2mg70sIRMS",100,57,54,0.9194,0.9401,0,0,1.3581,,2020-11-26 01:23:01,0
138,,"aspartic","2mg70sIRMS",0.512,2185,5267,0.9446,0.958,10.52,36.09,3.4306,,2020-11-26 01:35:09,0
139,"Nu,Cu","Tray8-C8","2mg70sIRMS",0.069,386,906,0.9446,0.958,13.9,46.18,3.3224,,2020-11-26 01:47:19,0
140,"Nu,Cu","Tray8-C9","2mg70sIRMS",0.157,242,395,0.9446,0.958,0,0.01,2.3177,,2020-11-26 01:59:22,0
141,"Nu,Cu","Tray8-C10","2mg70sIRMS",0.203,218,511,0.9446,0.958,2.67,8.86,3.3122,,2020-11-26 02:11:34,0
142,"Nu,Cu","Tray8-C11","2mg70sIRMS",0.129,224,370,0.9446,0.958,4.31,10.1,2.3445,,2020-11-26 02:23:41,0
143,"Nu,Cu","Tray8-C12","2mg70sIRMS",0.129,217,354,0.9446,0.958,4.18,9.65,2.3066,,2020-11-26 02:35:51,0
144,"Nu,Cu","Tray8-D1","2mg70sIRMS",0.157,191,390,0.9446,0.958,3.03,8.74,2.8853,,2020-11-26 02:48:01,0
145,"Nu,Cu","Tray8-D2","2mg70sIRMS",0.194,202,424,0.9446,0.958,2.58,7.69,2.9775,,2020-11-26 03:00:09,0
146,"Nu,Cu","Tray8-D3","2mg70sIRMS",0.05,346,775,0.9446,0.958,17.2,54.51,3.1693,,2020-11-26 03:12:16,0
147,"Nu,Cu","Tray8-D4","2mg70sIRMS",0.06,396,790,0.9446,0.958,16.38,46.34,2.8291,,2020-11-26 03:24:32,0
148,"Nu,Cu","Tray8-D5","2mg70sIRMS",0.192,346,495,0.9446,0.958,4.47,9.08,2.03,,2020-11-26 03:36:43,0
149,"Nu,Cu","Tray8-D6","2mg70sIRMS",0.212,306,426,0.9446,0.958,3.59,7.08,1.9728,,2020-11-26 03:48:52,0
150,"Nu,Cu","Tray8-D7","2mg70sIRMS",0.161,245,396,0.9446,0.958,3.79,8.65,2.2852,,2020-11-26 04:01:05,0
151,"Nu,Cu","Tray8-D8","2mg70sIRMS",0.212,274,510,0.9446,0.958,3.21,8.47,2.6379,,2020-11-26 04:13:24,0
152,"Nu,Cu","Tray8-D9","2mg70sIRMS",0.161,211,435,0.9446,0.958,3.26,9.51,2.9183,,2020-11-26 04:25:36,0
153,"Nu,Cu","Tray8-D10","2mg70sIRMS",0.163,215,448,0.9446,0.958,3.28,9.67,2.9526,,2020-11-26 04:37:53,0
154,"Nu,Cu","Tray8-D11","2mg70sIRMS",0.042,327,584,0.9446,0.958,19.36,48.95,2.5292,,2020-11-26 04:50:08,0
155,"Nu,Cu","Tray8-D12","2mg70sIRMS",0.057,292,712,0.9446,0.958,12.74,43.95,3.4494,,2020-11-26 05:02:19,0
156,"Nu,Cu","MT","2mg70sIRMS",100,76,38,0.9446,0.958,0,0,0.7117,,2020-11-26 05:14:28,0
157,,"aspartic","2mg70sIRMS",0.563,2443,5863,0.929,0.9461,10.52,36.09,3.4306,,2020-11-26 05:26:33,0
158,,"aspartic","2mg70sIRMS",0.564,2493,5942,0.9122,0.9352,10.52,36.09,3.4306,,2020-11-26 05:38:32,0
159,"Nu,Cu","MT","1mg70sIRMS",100,72,5,0.9206,0.9407,0,0,0.1009,,2020-11-27 15:37:23,0
160,"Nu,Cu","MT","1mg70sIRMS",100,69,9,0.9206,0.9407,0,0,0.1904,,2020-11-27 15:48:02,0
161,,"runin","1mg70sIRMS",0.493,2130,5149,0.9206,0.9407,10.38,35.98,3.4661,,2020-11-27 15:58:40,0
162,,"runin","1mg70sIRMS",0.597,2599,6214,0.9206,0.9407,10.46,35.87,3.4304,,2020-11-27 16:09:26,0
163,,"aspartic","1mg70sIRMS",0.526,2249,5403,0.9431,0.9593,10.52,36.09,3.4306,,2020-11-27 16:20:05,0
164,,"aspartic","1mg70sIRMS",0.48,2097,5034,0.9227,0.9396,10.52,36.09,3.4306,,2020-11-27 16:30:44,0
165,"Nu,Cu","Tray9-COND","1mg70sIRMS",0.052,280,651,0.9329,0.9494,13.2,43.64,3.3057,,2020-11-27 16:41:24,0
166,"Nu,Cu","Tray9-COND","1mg70sIRMS",0.049,278,593,0.9329,0.9494,13.93,42.24,3.0309,,2020-11-27 16:52:04,0
167,"Nu,Cu","Tray9-COND","1mg70sIRMS",0.04,271,523,0.9329,0.9494,16.6,45.56,2.7441,,2020-11-27 17:02:41,0
168,"Nu,Cu","Tray9-COND","1mg70sIRMS",0.078,418,1041,0.9329,0.9494,13.13,46.54,3.5436,,2020-11-27 17:13:20,0
169,"Nu,Cu","Tray9-A5-MT","2mg70sIRMS",100,103,76,0.9329,0.9494,0,0,1.0458,,2020-11-27 17:25:27,0
170,"Nu,Cu","Tray9-A6","2mg70sIRMS",0.054,375,862,0.9329,0.9494,17.03,55.68,3.2703,,2020-11-27 17:37:44,0
171,"Nu,Cu","Tray9-A7","2mg70sIRMS",0.053,353,721,0.9329,0.9494,16.33,47.41,2.903,,2020-11-27 17:49:49,0
172,"Nu,Cu","Tray9-A8-MT","2mg70sIRMS",100,67,15,0.9329,0.9494,0,0,0.3067,,2020-11-27 18:01:52,0
173,"Nu,Cu","Tray9-A9","2mg70sIRMS",0.057,222,625,0.9329,0.9494,9.54,38.23,4.0085,,2020-11-27 18:13:54,0
174,"Nu,Cu","Tray9-A10","2mg70sIRMS",0.156,285,706,0.9329,0.9494,4.48,15.78,3.5184,,2020-11-27 18:25:59,0
175,"Nu,Cu","Tray9-A11","2mg70sIRMS",0.134,278,755,0.9329,0.9494,5.1,19.65,3.8529,,2020-11-27 18:38:09,0
176,"Nu,Cu","Tray9-A12","2mg70sIRMS",0.155,284,933,0.9329,0.9494,4.49,20.99,4.6773,,2020-11-27 18:50:11,0
177,"Nu,Cu","Tray9-B1","2mg70sIRMS",0.156,218,764,0.9329,0.9494,3.42,17.07,4.9905,,2020-11-27 19:02:15,0
178,"Nu,Cu","Tray9-B2","2mg70sIRMS",0.147,190,679,0.9329,0.9494,3.18,16.11,5.0733,,2020-11-27 19:14:17,0
179,"Nu,Cu","Tray9-B3","2mg70sIRMS",0.037,266,606,0.9329,0.9494,17.64,57.1,3.2362,,2020-11-27 19:26:23,0
180,"Nu,Cu","Tray9-B4","2mg70sIRMS",0.064,356,865,0.9329,0.9494,13.65,47.13,3.4526,,2020-11-27 19:38:33,0
181,"O2,Nu,Cu","Tray9-B5","2mg70sIRMS",0.001,275,733,0.9329,0.9494,673.81,2556.24,3.7937,,2020-11-27 19:50:37,0
182,"Nu,Cu","Tray9-B6","2mg70sIRMS",0.165,269,791,0.9329,0.9494,4.01,16.71,4.1729,,2020-11-27 20:02:46,0
183,"Nu,Cu","Tray9-B7","2mg70sIRMS",2.174,247,769,0.9329,0.9494,0.28,1.23,4.4188,,2020-11-27 20:14:53,0
184,"Nu,Cu","Tray9-B8","2mg70sIRMS",0.115,203,680,0.9329,0.9494,4.34,20.63,4.7548,,2020-11-27 20:26:56,0
185,"Nu,Cu","Tray9-B9","2mg70sIRMS",0.104,225,700,0.9329,0.9494,5.3,23.48,4.4328,,2020-11-27 20:39:06,0
186,"Nu,Cu","Tray9-B10","2mg70sIRMS",0.144,222,665,0.9329,0.9494,3.78,16.1,4.26,,2020-11-27 20:51:18,0
187,"Nu,Cu","Tray9-B11","2mg70sIRMS",0.041,329,650,0.9329,0.9494,19.68,55.26,2.808,,2020-11-27 21:03:27,0
188,"Nu,Cu","Tray9-B12-MT","2mg70sIRMS",100,51,38,0.9329,0.9494,0,0,1.0572,,2020-11-27 21:15:30,0
189,,"aspartic","1mg70sIRMS",0.404,1569,3690,1.0373,1.0788,10.52,36.09,3.4306,,2020-11-27 21:26:15,0
190,"Nu,Cu","Tray9-C1","2mg70sIRMS",0.114,266,729,1.0373,1.0788,6.38,25.33,3.9726,,2020-11-27 21:38:21,0
191,"Nu,Cu","Tray9-C2","2mg70sIRMS",0.122,246,709,1.0373,1.0788,5.51,23.03,4.1802,,2020-11-27 21:50:30,0
192,"Nu,Cu","Tray9-C3","2mg70sIRMS",0.124,237,667,1.0373,1.0788,5.22,21.33,4.0881,,2020-11-27 22:02:35,0
193,"Nu,Cu","Tray9-C4","2mg70sIRMS",0.185,312,590,1.0373,1.0788,4.6,12.64,2.7493,,2020-11-27 22:14:42,0
194,"Nu,Cu","Tray9-C5","2mg70sIRMS",0.183,283,375,1.0373,1.0788,4.21,8.11,1.9252,,2020-11-27 22:27:00,0
195,"Nu,Cu","Tray9-C6","2mg70sIRMS",0.155,241,363,1.0373,1.0788,4.25,9.29,2.185,,2020-11-27 22:39:04,0
196,"Nu,Cu","Tray9-C7-MT","2mg70sIRMS",100,62,27,1.0373,1.0788,0,0,0.6282,,2020-11-27 22:51:11,0
197,,"aspartic","1mg70sIRMS",0.66,2828,6770,0.9411,0.9601,10.52,36.09,3.4306,,2020-11-27 23:02:00,0
198,"Nu,Cu","Tray9-C8","2mg70sIRMS",0.069,435,932,0.9411,0.9601,15.6,47.63,3.0527,,2020-11-27 23:14:10,0
199,"Nu,Cu","Tray9-C9","2mg70sIRMS",0.156,310,810,0.9411,0.9601,4.92,18.31,3.7189,,2020-11-27 23:26:21,0
200,"Nu,Cu","Tray9-C10","2mg70sIRMS",0.136,209,376,0.9411,0.9601,3.8,9.74,2.5646,,2020-11-27 23:38:27,0
201,"Nu,Cu","Tray9-C11","2mg70sIRMS",0.144,263,348,0.9411,0.9601,4.51,8.52,1.8892,,2020-11-27 23:50:33,0
202,"Nu,Cu","Tray9-C12","2mg70sIRMS",0.156,310,400,0.9411,0.9601,4.92,9.04,1.8377,,2020-11-28 00:02:44,0
203,"Nu,Cu","Tray9-D1","2mg70sIRMS",0.147,267,299,0.9411,0.9601,4.5,7.16,1.5925,,2020-11-28 00:14:48,0
204,"Nu,Cu","Tray9-D2","2mg70sIRMS",0.132,296,309,0.9411,0.9601,5.54,8.25,1.4894,,2020-11-28 00:26:54,0
205,"Nu,Cu","Tray9-D3","2mg70sIRMS",0.038,270,562,0.9411,0.9601,17.57,52.19,2.9704,,2020-11-28 00:38:58,0
206,"Nu,Cu","Tray9-D4","2mg70sIRMS",0.056,313,704,0.9411,0.9601,13.84,44.33,3.2023,,2020-11-28 00:51:05,0
207,"Nu,Cu","Tray9-D5","2mg70sIRMS",0.146,224,394,0.9411,0.9601,3.8,9.51,2.504,,2020-11-28 01:03:23,0
208,"Nu,Cu","Tray9-D6","2mg70sIRMS",0.13,248,296,0.9411,0.9601,4.72,8.03,1.7007,,2020-11-28 01:15:36,0
209,"Nu,Cu","Tray9-D7","2mg70sIRMS",0.132,264,249,0.9411,0.9601,4.95,6.65,1.3442,,2020-11-28 01:27:54,0
210,"Nu,Cu","Tray9-D8","2mg70sIRMS",0.166,251,482,0.9411,0.9601,3.75,10.23,2.7324,,2020-11-28 01:40:02,0
211,"Nu,Cu","Tray9-D9","2mg70sIRMS",0.124,246,371,0.9411,0.9601,4.91,10.54,2.1468,,2020-11-28 01:52:09,0
212,"Nu,Cu","Tray9-D10","2mg70sIRMS",0.171,242,395,0.9411,0.9601,3.51,8.14,2.3208,,2020-11-28 02:04:13,0
213,"Nu,Cu","Tray9-D11","2mg70sIRMS",0.061,356,807,0.9411,0.9601,14.43,46.67,3.2337,,2020-11-28 02:16:18,0
214,"Nu,Cu","Tray9-D12","2mg70sIRMS",0.045,286,603,0.9411,0.9601,15.71,47.25,3.0077,,2020-11-28 02:28:21,0
215,"Nu,Cu","MT","1mg70sIRMS",100,61,41,0.9411,0.9601,0,0,0.9512,,2020-11-28 02:39:26,0
216,,"aspartic","1mg70sIRMS",0.505,2262,5185,0.9,0.9598,10.52,36.09,3.4306,,2020-11-28 02:50:11,0
217,,"aspartic","1mg70sIRMS",0.371,1697,3765,0.881,0.9709,10.52,36.09,3.4306,,2020-11-28 03:00:57,0
218,"Nu,Cu","MT","1mg70sIRMS",100,105,11,0.8905,0.9653,0,0,0.1599,,2020-11-28 13:53:54,0
219,"Nu,Cu","MT","1mg70sIRMS",100,75,29,0.8905,0.9653,0,0,0.5855,,2020-11-28 14:04:34,0
220,,"runin","1mg70sIRMS",0.417,1896,4320,0.8905,0.9653,10.57,36.62,3.4665,,2020-11-28 14:15:14,0
221,,"runin","1mg70sIRMS",0.752,3391,7701,0.8905,0.9653,10.47,36.25,3.4608,,2020-11-28 14:25:54,0
222,,"aspartic","1mg70sIRMS",0.439,2009,4531,0.8811,0.9549,10.52,36.09,3.4306,,2020-11-28 14:36:37,0
223,,"aspartic","1mg70sIRMS",0.527,2391,5406,0.8886,0.9606,10.52,36.09,3.4306,,2020-11-28 14:47:25,0
224,"Nu,Cu","Tray10-COND","1mg70sIRMS",0.062,418,844,0.8848,0.9577,15.67,47.9,3.0557,,2020-11-28 14:58:20,0
225,"Nu,Cu","Tray10-COND","1mg70sIRMS",0.052,404,753,0.8848,0.9577,18.08,50.97,2.8189,,2020-11-28 15:09:05,0
226,"Nu,Cu","Tray10-COND","1mg70sIRMS",0.051,423,839,0.8848,0.9577,19.29,57.89,3.0015,,2020-11-28 15:19:52,0
227,"Nu,Cu","Tray10-COND","1mg70sIRMS",0.076,394,939,0.8848,0.9577,12.07,43.46,3.601,,2020-11-28 15:30:35,0
228,"Nu,Cu","Tray10-A5-MT","2mg70sIRMS",100,64,87,0.8848,0.9577,0,0,2.0644,,2020-11-28 15:42:38,0
229,"Nu,Cu","Tray10-A6","1mg70sIRMS",0.046,348,698,0.8848,0.9577,17.59,53.36,3.0333,,2020-11-28 15:53:26,0
230,"Nu,Cu","Tray10-A7","1mg70sIRMS",0.043,277,496,0.8848,0.9577,14.99,40.58,2.7079,,2020-11-28 16:04:11,0
231,"Nu,Cu","Tray10-A8-MT","1mg70sIRMS",100,57,18,0.8848,0.9577,0,0,0.4891,,2020-11-28 16:14:56,0
232,"Nu,Cu","Tray10-A9","1mg70sIRMS",0.12,165,229,0.8848,0.9577,3.2,6.7,2.0963,,2020-11-28 16:25:39,0
233,"Nu,Cu","Tray10-A10","1mg70sIRMS",0.106,240,193,0.8848,0.9577,5.27,6.42,1.2168,,2020-11-28 16:36:25,0
234,"Nu,Cu","Tray10-A11","1mg70sIRMS",0.083,238,193,0.8848,0.9577,6.67,8.18,1.2266,,2020-11-28 16:47:09,0
235,"Nu,Cu","Tray10-A12","1mg70sIRMS",0.131,192,212,0.8848,0.9577,3.41,5.69,1.6707,,2020-11-28 16:57:53,0
236,"Nu,Cu","Tray10-B1","1mg70sIRMS",0.108,256,195,0.8848,0.9577,5.52,6.35,1.1499,,2020-11-28 17:08:52,0
237,"Nu,Cu","Tray10-B2","1mg70sIRMS",0.122,230,227,0.8848,0.9577,4.39,6.55,1.4935,,2020-11-28 17:19:34,0
238,"Nu,Cu","Tray10-B3","1mg70sIRMS",0.054,317,696,0.8848,0.9577,13.68,45.36,3.3156,,2020-11-28 17:30:17,0
239,"Nu,Cu","Tray10-B4","1mg70sIRMS",0.046,335,652,0.8848,0.9577,16.92,49.89,2.9481,,2020-11-28 17:41:03,0
240,"Nu,Cu","Tray10-B5","1mg70sIRMS",0.116,293,209,0.8848,0.9577,5.88,6.35,1.08,,2020-11-28 17:51:48,0
241,"Nu,Cu","Tray10-B6","1mg70sIRMS",0.099,230,172,0.8848,0.9577,5.39,6.12,1.1336,,2020-11-28 18:02:37,0
242,"Nu,Cu","Tray10-B7","1mg70sIRMS",0.109,231,186,0.8848,0.9577,4.94,6.02,1.2184,,2020-11-28 18:13:20,0
243,"Nu,Cu","Tray10-B8","1mg70sIRMS",0.111,279,226,0.8848,0.9577,5.85,7.16,1.2239,,2020-11-28 18:24:02,0
244,"Nu,Cu","Tray10-B9","1mg70sIRMS",0.115,212,186,0.8848,0.9577,4.29,5.7,1.3303,,2020-11-28 18:34:46,0
245,"Nu,Cu","Tray10-B10","1mg70sIRMS",0.151,238,232,0.8848,0.9577,3.67,5.41,1.4761,,2020-11-28 18:45:29,0
246,,"aspartic","1mg70sIRMS",0.554,2495,5557,0.8952,0.9824,10.52,36.09,3.4306,,2020-11-28 18:56:16,0
247,,"aspartic","1mg70sIRMS",0.633,2871,6516,0.8891,0.9569,10.52,36.09,3.4306,,2020-11-28 19:07:12,0
248,"Nu,Cu","Tray10-B11","1mg70sIRMS",0.045,359,657,0.8921,0.9696,18.73,51.99,2.7759,,2020-11-28 19:17:59,0
249,"Nu,Cu","Tray10-B12-MT","1mg70sIRMS",100,87,18,0.8921,0.9696,0,0,0.3176,,2020-11-28 19:28:47,0
250,"Nu,Cu","Tray10-C1","1mg70sIRMS",0.136,210,277,0.8921,0.9696,3.63,7.26,2.0004,,2020-11-28 19:39:31,0
251,"Nu,Cu","Tray10-C2","1mg70sIRMS",0.131,225,220,0.8921,0.9696,4.03,5.99,1.488,,2020-11-28 19:50:20,0
252,"Nu,Cu","Tray10-C3","1mg70sIRMS",0.11,262,225,0.8921,0.9696,5.59,7.29,1.3028,,2020-11-28 20:01:04,0
253,"Nu,Cu","Tray10-C4","1mg70sIRMS",0.139,293,259,0.8921,0.9696,4.95,6.65,1.3431,,2020-11-28 20:11:47,0
254,"Nu,Cu","Tray10-C5","1mg70sIRMS",0.175,265,248,0.8921,0.9696,3.55,5.04,1.4205,,2020-11-28 20:22:35,0
255,"Nu,Cu","Tray10-C6","1mg70sIRMS",0.156,261,238,0.8921,0.9696,3.93,5.44,1.3836,,2020-11-28 20:33:22,0
256,"Nu,Cu","Tray10-C7-MT","1mg70sIRMS",100,79,22,0.8921,0.9696,0,0,0.4314,,2020-11-28 20:44:09,0
257,,"aspartic","1mg70sIRMS",0.778,3487,7983,0.8998,0.9591,10.52,36.09,3.4306,,2020-11-28 20:54:52,0
258,,"aspartic","1mg70sIRMS",0.45,2092,4647,0.867,0.9544,10.52,36.09,3.4306,,2020-11-28 21:05:36,0
259,"Nu,Cu","Tray10-C8","1mg70sIRMS",0.041,321,689,0.8834,0.9567,18.22,59.08,3.2434,,2020-11-28 21:16:19,0
260,"Nu,Cu","Tray10-C9","1mg70sIRMS",0.161,323,251,0.8834,0.9567,4.66,5.48,1.1761,,2020-11-28 21:27:10,0
261,"Nu,Cu","Tray10-C10","1mg70sIRMS",0.173,291,258,0.8834,0.9567,3.9,5.23,1.3403,,2020-11-28 21:37:55,0
262,"Nu,Cu","Tray10-C11","1mg70sIRMS",0.113,336,235,0.8834,0.9567,6.91,7.3,1.0556,,2020-11-28 21:48:43,0
263,"Nu,Cu","Tray10-C12","1mg70sIRMS",0.089,248,218,0.8834,0.9567,6.47,8.6,1.3303,,2020-11-28 21:59:29,0
264,"Nu,Cu","Tray10-D1","1mg70sIRMS",0.129,239,198,0.8834,0.9567,4.31,5.39,1.2527,,2020-11-28 22:10:15,0
265,"Nu,Cu","Tray10-D2","1mg70sIRMS",0.123,288,269,0.8834,0.9567,5.43,7.69,1.4163,,2020-11-28 22:21:00,0
266,"Nu,Cu","Tray10-D3","1mg70sIRMS",0.052,407,659,0.8834,0.9567,18.2,44.5,2.4454,,2020-11-28 22:31:45,0
267,"Nu,Cu","Tray10-D4","1mg70sIRMS",0.042,319,536,0.8834,0.9567,17.62,44.87,2.5459,,2020-11-28 22:42:28,0
268,,"aspartic","1mg70sIRMS",0.436,2023,4465,0.8687,0.9624,10.52,36.09,3.4306,,2020-11-28 22:53:11,0
269,,"aspartic","1mg70sIRMS",0.416,1977,4309,0.8483,0.9514,10.52,36.09,3.4306,,2020-11-28 23:03:59,0
270,"Nu,Cu","Tray10-D5","1mg70sIRMS",0.128,360,295,0.8585,0.9569,6.34,8.09,1.2757,,2020-11-28 23:14:45,0
271,"Nu,Cu","Tray10-D6","1mg70sIRMS",0.137,294,221,0.8585,0.9569,4.84,5.66,1.17,,2020-11-28 23:25:31,0
272,"Nu,Cu","Tray10-D7","1mg70sIRMS",0.121,247,230,0.8585,0.9569,4.61,6.69,1.4498,,2020-11-28 23:36:14,0
273,"Nu,Cu","Tray10-D8","1mg70sIRMS",0.172,301,259,0.8585,0.9569,3.95,5.29,1.3385,,2020-11-28 23:46:58,0
274,"Nu,Cu","Tray10-D9","1mg70sIRMS",0.148,310,215,0.8585,0.9569,4.74,5.1,1.0763,,2020-11-28 23:57:41,0
275,"Nu,Cu","Tray10-D10","1mg70sIRMS",0.134,212,202,0.8585,0.9569,3.58,5.29,1.4797,,2020-11-29 00:08:25,0
276,"Nu,Cu","Tray10-D11","1mg70sIRMS",0.049,327,613,0.8585,0.9569,15.05,43.98,2.9232,,2020-11-29 00:19:10,0
277,"Nu,Cu","Tray10-D12","1mg70sIRMS",0.067,461,802,0.8585,0.9569,15.53,42.05,2.7073,,2020-11-29 00:29:56,0
278,"Nu,Cu","MT","1mg70sIRMS",100,70,25,0.8585,0.9569,0,0,0.5596,,2020-11-29 00:40:58,0
279,,"aspartic","1mg70sIRMS",0.731,3317,7436,0.8888,0.9677,10.52,36.09,3.4306,,2020-11-29 00:51:42,0
280,,"aspartic","1mg70sIRMS",0.406,1912,4231,0.8558,0.9457,10.52,36.09,3.4306,,2020-11-29 01:02:29,0
281,,,,0,0,0,0.8723,0.9567,0,0,0,,,0
